filename , url
6220368, http://www.tac.mta.ca/tac/volumes/27/17/27-17.pdf
6613982, https://emis.de/journals/NYJM/j/2016/22-36p.pdf
2209916, http://philsci-archive.pitt.edu/839/1/_Milwaukee_workshop_paper_9%3D231.doc
5005678, http://philsci-archive.pitt.edu/1681/1/pluralism16.pdf
5147716, http://philsci-archive.pitt.edu/3031/1/REAL_PEOPLE_AND_VIRTUAL_BODIES.preprint.doc
5164196, http://philsci-archive.pitt.edu/2430/1/QuaSorPre.pdf
5133979, https://www.emis.de/journals/EJQTDE/p261.pdf
5586130, https://www.jehps.net/Decembre2007/Denis.pdf
5586127, https://www.jehps.net/Decembre2007/Bellhouse.pdf
5586135, https://www.jehps.net/Decembre2007/Vorovka.pdf
5586125, https://www.jehps.net/Juin2007/Mazliak_Boutroux.pdf
5586114, https://www.jehps.net/Juin2007/Ceccarelli_Risk.pdf
5586101, https://www.jehps.net/Decembre2006/Mespoulet.pdf
5586105, https://www.jehps.net/Decembre2006/ChapeauArmatte.pdf
5586095, https://www.jehps.net/Decembre2006/Meusnier.pdf
5586097, https://www.jehps.net/Decembre2006/Breard.pdf
5586129, https://www.jehps.net/Decembre2007/Morini.pdf
5586133, https://www.jehps.net/Decembre2007/Mazliak.pdf
5586132, https://www.jehps.net/Decembre2007/Farebrother.pdf
5586100, https://www.jehps.net/Decembre2006/PrakasaRao.pdf
5586139, https://www.jehps.net/juin2008/Labbe.pdf
5586148, https://www.jehps.net/juin2008/Guilbaud.pdf
5586144, https://www.jehps.net/juin2008/Document2.pdf
5586112, https://www.jehps.net/Juin2007/MeusnierPiron_intro.pdf
5586121, https://www.jehps.net/Juin2007/Martin.pdf
5586126, https://www.jehps.net/Juin2007/MazliakDoeblin.pdf
5586124, https://www.jehps.net/Juin2007/Boutroux.pdf
5586123, https://www.jehps.net/Juin2007/Meusnier_partis.pdf
5606374, https://www.jehps.net/juin2009/Berg.pdf
5606368, https://www.jehps.net/juin2009/BienvenuShaferShen.pdf
5606369, https://www.jehps.net/juin2009/Locker.pdf
5606373, https://www.jehps.net/juin2009/Aalenetal.pdf
5606370, https://www.jehps.net/juin2009/Meyer.pdf
5606366, https://www.jehps.net/juin2009/Mazliak.pdf
5586136, https://www.jehps.net/juin2008/McLeanLorreyColomer.pdf
5586131, https://www.jehps.net/Decembre2007/Triclot.pdf
2160345, https://www.jehps.net/Mars2005/HavlovaMazliakSisma.pdf
2160346, https://www.jehps.net/Mars2005/Regazzini.pdf
5606379, https://www.jehps.net/juin2009/Crepel.pdf
5586134, https://www.jehps.net/Decembre2007/Hostinsky_Vorovka.pdf
5586103, https://www.jehps.net/Decembre2006/MartinSantos.pdf
5586145, https://www.jehps.net/juin2008/Document2.pdf
5586162, https://www.jehps.net/Decembre2008/Desrosieres.pdf
5586153, https://www.jehps.net/Decembre2008/Clero.pdf
5586156, https://www.jehps.net/Decembre2008/Finetti.pdf
5586096, https://www.jehps.net/Decembre2006/Labbe.pdf
5586102, https://www.jehps.net/Decembre2006/BilovaMazliakSisma.pdf
5586111, https://www.jehps.net/Decembre2006/Frechet.pdf
2160343, https://www.jehps.net/Mars2005/Armatte.pdf
5080636, https://www.jehps.net/Juin2006/GarciaTeira.pdf
5586147, https://www.jehps.net/juin2008/Monjardet_Liminaire.pdf
5586116, https://www.jehps.net/Juin2007/Meusnier_controverse.pdf
5586115, https://www.jehps.net/Juin2007/Meusnier_arabes.pdf
5586172, https://www.jehps.net/Decembre2008/Oshumi.pdf
5586170, https://www.jehps.net/Decembre2008/Rouanet.pdf
5586154, https://www.jehps.net/Decembre2008/Lawrence.pdf
5586157, https://www.jehps.net/Decembre2008/Lambert.pdf
5586155, https://www.jehps.net/Decembre2008/Bullynck.pdf
5586167, https://www.jehps.net/Decembre2008/Mirkin.pdf
5586163, https://www.jehps.net/Decembre2008/Heiser.pdf
5606372, https://www.jehps.net/juin2009/Lai.pdf
5586113, https://www.jehps.net/Juin2007/Piron_incertitude.pdf
5080638, https://www.jehps.net/Juin2006/Schneider.pdf
5586152, https://www.jehps.net/juin2008/Aldrich.pdf
5586143, https://www.jehps.net/juin2008/Document1.pdf
5586119, https://www.jehps.net/Juin2007/Meusnier_partis.pdf
5606376, https://www.jehps.net/juin2009/Ville_notice.pdf
5606362, https://www.jehps.net/juin2009/MazliakShafer.pdf
5606367, https://www.jehps.net/juin2009/Shafer.pdf
5080644, https://www.jehps.net/Novembre2006/Clero3.pdf
5080643, https://www.jehps.net/Novembre2006/Nagel3.pdf
5080635, https://www.jehps.net/Juin2006/Peiffer.pdf
5080642, https://www.jehps.net/Novembre2006/Peifferanglais3.pdf
5606380, https://www.jehps.net/juin2009/Orgeval.pdf
6101042, https://journals.uwyo.edu/index.php/ela/article/download/1185/1185
6101046, https://journals.uwyo.edu/index.php/ela/article/download/1193/1193
6101045, https://journals.uwyo.edu/index.php/ela/article/download/1191/1191
6256504, https://journals.uwyo.edu/index.php/ela/article/download/1201/1201
5606382, https://www.jehps.net/juin2009/Doob.pdf
6256559, https://journals.uwyo.edu/index.php/ela/article/download/1311/1311
7007301, https://journals.uwyo.edu/index.php/ela/article/download/1919/1919
6256560, https://journals.uwyo.edu/index.php/ela/article/download/1313/1313
6101044, https://journals.uwyo.edu/index.php/ela/article/download/1189/1189
6256529, https://journals.uwyo.edu/index.php/ela/article/download/1251/1251
6256531, https://journals.uwyo.edu/index.php/ela/article/download/1255/1255
6256533, https://journals.uwyo.edu/index.php/ela/article/download/1259/1259
6256534, https://journals.uwyo.edu/index.php/ela/article/download/1261/1261
6256536, https://journals.uwyo.edu/index.php/ela/article/download/1265/1265
6256540, https://journals.uwyo.edu/index.php/ela/article/download/1273/1273
6256547, https://journals.uwyo.edu/index.php/ela/article/download/1287/1287
6101043, https://journals.uwyo.edu/index.php/ela/article/download/1187/1187
6256579, https://journals.uwyo.edu/index.php/ela/article/download/1179/1179
6256505, https://journals.uwyo.edu/index.php/ela/article/download/1203/1203
6256578, https://journals.uwyo.edu/index.php/ela/article/download/1177/1177
5606377, https://www.jehps.net/juin2009/Ville_cv.pdf
6101036, https://journals.uwyo.edu/index.php/ela/article/download/1167/1167
6101037, https://journals.uwyo.edu/index.php/ela/article/download/1169/1169
6101030, https://journals.uwyo.edu/index.php/ela/article/download/1155/1155
6101035, https://journals.uwyo.edu/index.php/ela/article/download/1165/1165
6101040, https://journals.uwyo.edu/index.php/ela/article/download/1175/1175
6256543, https://journals.uwyo.edu/index.php/ela/article/download/1279/1279
6101038, https://journals.uwyo.edu/index.php/ela/article/download/1171/1171
6101032, https://journals.uwyo.edu/index.php/ela/article/download/1159/1159
6101031, https://journals.uwyo.edu/index.php/ela/article/download/1157/1157
6101033, https://journals.uwyo.edu/index.php/ela/article/download/1161/1161
6101039, https://journals.uwyo.edu/index.php/ela/article/download/1173/1173
6256503, https://journals.uwyo.edu/index.php/ela/article/download/1199/1199
6101048, https://journals.uwyo.edu/index.php/ela/article/download/1197/1197
6101047, https://journals.uwyo.edu/index.php/ela/article/download/1195/1195
6256564, https://journals.uwyo.edu/index.php/ela/article/download/1321/1321
6890180, https://journals.uwyo.edu/index.php/ela/article/download/1865/1865
6256510, https://journals.uwyo.edu/index.php/ela/article/download/1213/1213
6949373, https://journals.uwyo.edu/index.php/ela/article/download/1897/1897
6890185, https://journals.uwyo.edu/index.php/ela/article/download/1875/1875
6890172, https://journals.uwyo.edu/index.php/ela/article/download/1849/1849
6890171, https://journals.uwyo.edu/index.php/ela/article/download/1847/1847
7007298, https://journals.uwyo.edu/index.php/ela/article/download/1913/1913
7007305, https://journals.uwyo.edu/index.php/ela/article/download/1927/1927
6890176, https://journals.uwyo.edu/index.php/ela/article/download/1857/1857
7007296, https://journals.uwyo.edu/index.php/ela/article/download/1909/1909
7007312, https://journals.uwyo.edu/index.php/ela/article/download/1941/1941
6256580, https://journals.uwyo.edu/index.php/ela/article/download/1181/1181
6890183, https://journals.uwyo.edu/index.php/ela/article/download/1871/1871
7007309, https://journals.uwyo.edu/index.php/ela/article/download/1935/1935
7007299, https://journals.uwyo.edu/index.php/ela/article/download/1915/1915
7007304, https://journals.uwyo.edu/index.php/ela/article/download/1925/1925
6890178, https://journals.uwyo.edu/index.php/ela/article/download/1861/1861
6949370, https://journals.uwyo.edu/index.php/ela/article/download/1891/1891
6949367, https://journals.uwyo.edu/index.php/ela/article/download/1885/1885
6949377, https://journals.uwyo.edu/index.php/ela/article/download/1905/1905
6949368, https://journals.uwyo.edu/index.php/ela/article/download/1887/1887
6256516, https://journals.uwyo.edu/index.php/ela/article/download/1225/1225
6256532, https://journals.uwyo.edu/index.php/ela/article/download/1257/1257
6256551, https://journals.uwyo.edu/index.php/ela/article/download/1295/1295
6256506, https://journals.uwyo.edu/index.php/ela/article/download/1205/1205
6256509, https://journals.uwyo.edu/index.php/ela/article/download/1211/1211
6256522, https://journals.uwyo.edu/index.php/ela/article/download/1237/1237
6256535, https://journals.uwyo.edu/index.php/ela/article/download/1263/1263
6256565, https://journals.uwyo.edu/index.php/ela/article/download/1323/1323
6256521, https://journals.uwyo.edu/index.php/ela/article/download/1235/1235
6949366, https://journals.uwyo.edu/index.php/ela/article/download/1883/1883
6256507, https://journals.uwyo.edu/index.php/ela/article/download/1207/1207
6890174, https://journals.uwyo.edu/index.php/ela/article/download/1853/1853
6890184, https://journals.uwyo.edu/index.php/ela/article/download/1873/1873
6890181, https://journals.uwyo.edu/index.php/ela/article/download/1867/1867
6890179, https://journals.uwyo.edu/index.php/ela/article/download/1863/1863
6949369, https://journals.uwyo.edu/index.php/ela/article/download/1889/1889
6256562, https://journals.uwyo.edu/index.php/ela/article/download/1317/1317
6101034, https://journals.uwyo.edu/index.php/ela/article/download/1163/1163
7575563, https://journals.uwyo.edu/index.php/ela/article/download/7065/5887
6101028, https://journals.uwyo.edu/index.php/ela/article/download/1151/1151
7473305, https://journals.uwyo.edu/index.php/ela/article/download/6561/5737
7670358, https://journals.uwyo.edu/index.php/ela/article/download/7169/6095
7593988, https://journals.uwyo.edu/index.php/ela/article/download/6721/5903
7593983, https://journals.uwyo.edu/index.php/ela/article/download/6861/5889
7510497, https://journals.uwyo.edu/index.php/ela/article/download/6901/5757
7604087, https://journals.uwyo.edu/index.php/ela/article/download/7093/5917
7593990, https://journals.uwyo.edu/index.php/ela/article/download/6493/5911
7593989, https://journals.uwyo.edu/index.php/ela/article/download/7037/5905
7593985, https://journals.uwyo.edu/index.php/ela/article/download/7091/5893
7593991, https://journals.uwyo.edu/index.php/ela/article/download/6947/5907
7510501, https://journals.uwyo.edu/index.php/ela/article/download/6025/5777
7510495, https://journals.uwyo.edu/index.php/ela/article/download/6695/5753
7640514, https://journals.uwyo.edu/index.php/ela/article/download/7333/6043
7640507, https://journals.uwyo.edu/index.php/ela/article/download/5943/5921
7640508, https://journals.uwyo.edu/index.php/ela/article/download/7231/5999
7473310, https://journals.uwyo.edu/index.php/ela/article/download/6553/5745
7473306, https://journals.uwyo.edu/index.php/ela/article/download/5443/5735
7531035, https://journals.uwyo.edu/index.php/ela/article/download/6571/5785
7640506, https://journals.uwyo.edu/index.php/ela/article/download/6941/5949
7640512, https://journals.uwyo.edu/index.php/ela/article/download/7149/6007
7640510, https://journals.uwyo.edu/index.php/ela/article/download/7177/6003
7604089, https://journals.uwyo.edu/index.php/ela/article/download/7129/5919
7604088, https://journals.uwyo.edu/index.php/ela/article/download/7015/5915
6100995, https://journals.uwyo.edu/index.php/ela/article/download/1065/1065
7604086, https://journals.uwyo.edu/index.php/ela/article/download/7351/5913
7510496, https://journals.uwyo.edu/index.php/ela/article/download/6407/5755
7473307, https://journals.uwyo.edu/index.php/ela/article/download/6807/5739
7473309, https://journals.uwyo.edu/index.php/ela/article/download/5133/5741
7473308, https://journals.uwyo.edu/index.php/ela/article/download/6383/5743
7473304, https://journals.uwyo.edu/index.php/ela/article/download/5913/5731
7670357, https://journals.uwyo.edu/index.php/ela/article/download/7317/6097
7510499, https://journals.uwyo.edu/index.php/ela/article/download/6717/5769
6100991, https://journals.uwyo.edu/index.php/ela/article/download/1057/1057
6100984, https://journals.uwyo.edu/index.php/ela/article/download/1043/1043
6100980, https://journals.uwyo.edu/index.php/ela/article/download/1035/1035
6101014, https://journals.uwyo.edu/index.php/ela/article/download/1103/1103
6101013, https://journals.uwyo.edu/index.php/ela/article/download/1101/1101
6101012, https://journals.uwyo.edu/index.php/ela/article/download/1099/1099
6101005, https://journals.uwyo.edu/index.php/ela/article/download/1085/1085
6100999, https://journals.uwyo.edu/index.php/ela/article/download/1073/1073
6100992, https://journals.uwyo.edu/index.php/ela/article/download/1059/1059
6101016, https://journals.uwyo.edu/index.php/ela/article/download/1107/1107
6100989, https://journals.uwyo.edu/index.php/ela/article/download/1053/1053
6100974, https://journals.uwyo.edu/index.php/ela/article/download/1023/1023
6100972, https://journals.uwyo.edu/index.php/ela/article/download/1019/1019
6100970, https://journals.uwyo.edu/index.php/ela/article/download/1015/1015
6100969, https://journals.uwyo.edu/index.php/ela/article/download/1013/1013
6100998, https://journals.uwyo.edu/index.php/ela/article/download/1071/1071
6101008, https://journals.uwyo.edu/index.php/ela/article/download/1091/1091
6100981, https://journals.uwyo.edu/index.php/ela/article/download/1037/1037
7575562, https://journals.uwyo.edu/index.php/ela/article/download/7009/5799
6101025, https://journals.uwyo.edu/index.php/ela/article/download/1125/1125
6100965, https://journals.uwyo.edu/index.php/ela/article/download/1005/1005
6100976, https://journals.uwyo.edu/index.php/ela/article/download/1027/1027
6100971, https://journals.uwyo.edu/index.php/ela/article/download/1017/1017
6100968, https://journals.uwyo.edu/index.php/ela/article/download/1011/1011
6100997, https://journals.uwyo.edu/index.php/ela/article/download/1069/1069
6101021, https://journals.uwyo.edu/index.php/ela/article/download/1117/1117
6101001, https://journals.uwyo.edu/index.php/ela/article/download/1077/1077
6256574, https://journals.uwyo.edu/index.php/ela/article/download/1141/1141
6101000, https://journals.uwyo.edu/index.php/ela/article/download/1075/1075
6100966, https://journals.uwyo.edu/index.php/ela/article/download/1007/1007
6100982, https://journals.uwyo.edu/index.php/ela/article/download/1039/1039
6101006, https://journals.uwyo.edu/index.php/ela/article/download/1087/1087
6100978, https://journals.uwyo.edu/index.php/ela/article/download/1031/1031
6100977, https://journals.uwyo.edu/index.php/ela/article/download/1029/1029
6256577, https://journals.uwyo.edu/index.php/ela/article/download/1147/1147
6100993, https://journals.uwyo.edu/index.php/ela/article/download/1061/1061
7575561, https://journals.uwyo.edu/index.php/ela/article/download/6951/5795
7575559, https://journals.uwyo.edu/index.php/ela/article/download/6925/5791
7575558, https://journals.uwyo.edu/index.php/ela/article/download/6693/5789
6812643, https://journals.uwyo.edu/index.php/ela/article/download/1763/1763
6812654, https://journals.uwyo.edu/index.php/ela/article/download/1785/1785
6812641, https://journals.uwyo.edu/index.php/ela/article/download/1759/1759
6827319, https://journals.uwyo.edu/index.php/ela/article/download/1797/1797
6812638, https://journals.uwyo.edu/index.php/ela/article/download/1753/1753
6812628, https://journals.uwyo.edu/index.php/ela/article/download/1733/1733
6812629, https://journals.uwyo.edu/index.php/ela/article/download/1735/1735
6812630, https://journals.uwyo.edu/index.php/ela/article/download/1737/1737
6812655, https://journals.uwyo.edu/index.php/ela/article/download/1787/1787
6812648, https://journals.uwyo.edu/index.php/ela/article/download/1773/1773
6812637, https://journals.uwyo.edu/index.php/ela/article/download/1751/1751
6812633, https://journals.uwyo.edu/index.php/ela/article/download/1743/1743
6812632, https://journals.uwyo.edu/index.php/ela/article/download/1741/1741
6812635, https://journals.uwyo.edu/index.php/ela/article/download/1747/1747
6827322, https://journals.uwyo.edu/index.php/ela/article/download/1803/1803
6827317, https://journals.uwyo.edu/index.php/ela/article/download/1793/1793
6812649, https://journals.uwyo.edu/index.php/ela/article/download/1775/1775
6812631, https://journals.uwyo.edu/index.php/ela/article/download/1739/1739
6890182, https://journals.uwyo.edu/index.php/ela/article/download/1869/1869
6890168, https://journals.uwyo.edu/index.php/ela/article/download/1841/1841
7007297, https://journals.uwyo.edu/index.php/ela/article/download/1911/1911
7007307, https://journals.uwyo.edu/index.php/ela/article/download/1931/1931
6890177, https://journals.uwyo.edu/index.php/ela/article/download/1859/1859
7007310, https://journals.uwyo.edu/index.php/ela/article/download/1937/1937
6827316, https://journals.uwyo.edu/index.php/ela/article/download/1791/1791
7007308, https://journals.uwyo.edu/index.php/ela/article/download/1933/1933
6949375, https://journals.uwyo.edu/index.php/ela/article/download/1901/1901
6890175, https://journals.uwyo.edu/index.php/ela/article/download/1855/1855
7007302, https://journals.uwyo.edu/index.php/ela/article/download/1921/1921
6827321, https://journals.uwyo.edu/index.php/ela/article/download/1801/1801
6827318, https://journals.uwyo.edu/index.php/ela/article/download/1795/1795
6812639, https://journals.uwyo.edu/index.php/ela/article/download/1755/1755
6949365, https://journals.uwyo.edu/index.php/ela/article/download/1881/1881
6101029, https://journals.uwyo.edu/index.php/ela/article/download/1153/1153
6812652, https://journals.uwyo.edu/index.php/ela/article/download/1781/1781
6827325, https://journals.uwyo.edu/index.php/ela/article/download/1809/1809
7593992, https://journals.uwyo.edu/index.php/ela/article/download/6977/5909
7640509, https://journals.uwyo.edu/index.php/ela/article/download/6483/6001
7640511, https://journals.uwyo.edu/index.php/ela/article/download/7475/6005
7640513, https://journals.uwyo.edu/index.php/ela/article/download/7185/6019
7510491, https://journals.uwyo.edu/index.php/ela/article/download/6891/5751
7593986, https://journals.uwyo.edu/index.php/ela/article/download/7097/5895
7531034, https://journals.uwyo.edu/index.php/ela/article/download/6507/5783
7473282, https://journals.uwyo.edu/index.php/ela/article/download/6541/5747
7510493, https://journals.uwyo.edu/index.php/ela/article/download/6797/5759
7007300, https://journals.uwyo.edu/index.php/ela/article/download/1917/1917
7510498, https://journals.uwyo.edu/index.php/ela/article/download/6505/5763
5586159, https://www.jehps.net/Decembre2008/Gower.pdf
7510494, https://journals.uwyo.edu/index.php/ela/article/download/5557/5761
7575560, https://journals.uwyo.edu/index.php/ela/article/download/6675/5793
5080639, https://www.jehps.net/Juin2006/JesusSantos.pdf
7510500, https://journals.uwyo.edu/index.php/ela/article/download/6563/5767
7510492, https://journals.uwyo.edu/index.php/ela/article/download/6697/5749
6827323, https://journals.uwyo.edu/index.php/ela/article/download/1805/1805
7531036, https://journals.uwyo.edu/index.php/ela/article/download/6737/5787
7593982, https://journals.uwyo.edu/index.php/ela/article/download/6651/5901
6827324, https://journals.uwyo.edu/index.php/ela/article/download/1807/1807
6827320, https://journals.uwyo.edu/index.php/ela/article/download/1799/1799
6812640, https://journals.uwyo.edu/index.php/ela/article/download/1757/1757
6812646, https://journals.uwyo.edu/index.php/ela/article/download/1769/1769
6812650, https://journals.uwyo.edu/index.php/ela/article/download/1777/1777
6812634, https://journals.uwyo.edu/index.php/ela/article/download/1745/1745
7593981, https://journals.uwyo.edu/index.php/ela/article/download/6981/5899
6827326, https://journals.uwyo.edu/index.php/ela/article/download/1811/1811
6812656, https://journals.uwyo.edu/index.php/ela/article/download/1789/1789
6812636, https://journals.uwyo.edu/index.php/ela/article/download/1749/1749
6812642, https://journals.uwyo.edu/index.php/ela/article/download/1761/1761
6812645, https://journals.uwyo.edu/index.php/ela/article/download/1767/1767
6812644, https://journals.uwyo.edu/index.php/ela/article/download/1765/1765
6812647, https://journals.uwyo.edu/index.php/ela/article/download/1771/1771
6812651, https://journals.uwyo.edu/index.php/ela/article/download/1779/1779
6949374, https://journals.uwyo.edu/index.php/ela/article/download/1899/1899
7351305, https://journals.uwyo.edu/index.php/ela/article/download/5775/5571
6890170, https://journals.uwyo.edu/index.php/ela/article/download/1845/1845
6949939, https://journals.uwyo.edu/index.php/ela/article/download/1823/1823
6890054, https://journals.uwyo.edu/index.php/ela/article/download/1815/1815
1183715, https://journals.uwyo.edu/index.php/ela/article/download/35/35
1144302, https://journals.uwyo.edu/index.php/ela/article/download/23/23
1208676, https://journals.uwyo.edu/index.php/ela/article/download/41/41
1188086, https://journals.uwyo.edu/index.php/ela/article/download/37/37
1194785, https://journals.uwyo.edu/index.php/ela/article/download/39/39
1158767, https://journals.uwyo.edu/index.php/ela/article/download/29/29
1158765, https://journals.uwyo.edu/index.php/ela/article/download/33/33
1158766, https://journals.uwyo.edu/index.php/ela/article/download/31/31
1151632, https://journals.uwyo.edu/index.php/ela/article/download/27/27
6949938, https://journals.uwyo.edu/index.php/ela/article/download/1821/1821
1144301, https://journals.uwyo.edu/index.php/ela/article/download/25/25
6949936, https://journals.uwyo.edu/index.php/ela/article/download/1817/1817
6890053, https://journals.uwyo.edu/index.php/ela/article/download/1813/1813
7007503, https://journals.uwyo.edu/index.php/ela/article/download/1827/1827
7007504, https://journals.uwyo.edu/index.php/ela/article/download/1829/1829
6256525, https://journals.uwyo.edu/index.php/ela/article/download/1243/1243
6497691, https://journals.uwyo.edu/index.php/ela/article/download/1503/1503
6497713, https://journals.uwyo.edu/index.php/ela/article/download/1547/1547
6521652, https://journals.uwyo.edu/index.php/ela/article/download/1585/5579
6497712, https://journals.uwyo.edu/index.php/ela/article/download/1545/1545
1136797, https://journals.uwyo.edu/index.php/ela/article/download/21/21
6497725, https://journals.uwyo.edu/index.php/ela/article/download/1571/1571
6497708, https://journals.uwyo.edu/index.php/ela/article/download/1537/1537
6949940, https://journals.uwyo.edu/index.php/ela/article/download/1825/1825
7007505, https://journals.uwyo.edu/index.php/ela/article/download/1831/1831
7351306, https://journals.uwyo.edu/index.php/ela/article/download/5509/5573
7471829, https://journals.uwyo.edu/index.php/ela/article/download/6331/5675
7471828, https://journals.uwyo.edu/index.php/ela/article/download/6489/5673
7404611, https://journals.uwyo.edu/index.php/ela/article/download/4991/5649
7404609, https://journals.uwyo.edu/index.php/ela/article/download/5969/5641
7404607, https://journals.uwyo.edu/index.php/ela/article/download/5961/5637
7404605, https://journals.uwyo.edu/index.php/ela/article/download/5785/5643
7351289, https://journals.uwyo.edu/index.php/ela/article/download/5397/5241
7471830, https://journals.uwyo.edu/index.php/ela/article/download/6349/5681
7007506, https://journals.uwyo.edu/index.php/ela/article/download/1833/1833
7351296, https://journals.uwyo.edu/index.php/ela/article/download/5405/5255
1209071, https://journals.uwyo.edu/index.php/ela/article/download/45/45
7351285, https://journals.uwyo.edu/index.php/ela/article/download/5249/5233
1247367, https://journals.uwyo.edu/index.php/ela/article/download/51/51
7007507, https://journals.uwyo.edu/index.php/ela/article/download/1835/1835
6949937, https://journals.uwyo.edu/index.php/ela/article/download/1819/1819
6497715, https://journals.uwyo.edu/index.php/ela/article/download/1551/1551
7373353, https://journals.uwyo.edu/index.php/ela/article/download/5181/5581
6101024, https://journals.uwyo.edu/index.php/ela/article/download/1123/1123
6497702, https://journals.uwyo.edu/index.php/ela/article/download/1525/1525
6497707, https://journals.uwyo.edu/index.php/ela/article/download/1535/1535
6497709, https://journals.uwyo.edu/index.php/ela/article/download/1539/1539
6497711, https://journals.uwyo.edu/index.php/ela/article/download/1543/1543
6497719, https://journals.uwyo.edu/index.php/ela/article/download/1559/1559
6497700, https://journals.uwyo.edu/index.php/ela/article/download/1521/1521
6497714, https://journals.uwyo.edu/index.php/ela/article/download/1549/1549
6497721, https://journals.uwyo.edu/index.php/ela/article/download/1563/1563
6497724, https://journals.uwyo.edu/index.php/ela/article/download/1569/1569
6521653, https://journals.uwyo.edu/index.php/ela/article/download/1587/1587
6521650, https://journals.uwyo.edu/index.php/ela/article/download/1581/1581
6497697, https://journals.uwyo.edu/index.php/ela/article/download/1515/1515
6521657, https://journals.uwyo.edu/index.php/ela/article/download/1595/1595
6535878, https://journals.uwyo.edu/index.php/ela/article/download/1603/1603
6535883, https://journals.uwyo.edu/index.php/ela/article/download/1613/1613
6535879, https://journals.uwyo.edu/index.php/ela/article/download/1605/1605
6497696, https://journals.uwyo.edu/index.php/ela/article/download/1513/1513
6497705, https://journals.uwyo.edu/index.php/ela/article/download/1531/1531
6497723, https://journals.uwyo.edu/index.php/ela/article/download/1567/1567
6497720, https://journals.uwyo.edu/index.php/ela/article/download/1561/1561
6497718, https://journals.uwyo.edu/index.php/ela/article/download/1557/1557
6535882, https://journals.uwyo.edu/index.php/ela/article/download/1611/1611
6521651, https://journals.uwyo.edu/index.php/ela/article/download/1583/1583
6497694, https://journals.uwyo.edu/index.php/ela/article/download/1509/1509
6521660, https://journals.uwyo.edu/index.php/ela/article/download/1601/1601
6497717, https://journals.uwyo.edu/index.php/ela/article/download/1555/1555
6497695, https://journals.uwyo.edu/index.php/ela/article/download/1511/1511
6535886, https://journals.uwyo.edu/index.php/ela/article/download/1619/1619
6497703, https://journals.uwyo.edu/index.php/ela/article/download/1527/1527
6497698, https://journals.uwyo.edu/index.php/ela/article/download/1517/1517
6497699, https://journals.uwyo.edu/index.php/ela/article/download/1519/1519
6497690, https://journals.uwyo.edu/index.php/ela/article/download/1501/1501
6535880, https://journals.uwyo.edu/index.php/ela/article/download/1607/1607
6497722, https://journals.uwyo.edu/index.php/ela/article/download/1565/1565
6535881, https://journals.uwyo.edu/index.php/ela/article/download/1609/1609
6497704, https://journals.uwyo.edu/index.php/ela/article/download/1529/1529
6497692, https://journals.uwyo.edu/index.php/ela/article/download/1505/1505
6497727, https://journals.uwyo.edu/index.php/ela/article/download/1575/1575
6497706, https://journals.uwyo.edu/index.php/ela/article/download/1533/1533
6497693, https://journals.uwyo.edu/index.php/ela/article/download/1507/1507
6521656, https://journals.uwyo.edu/index.php/ela/article/download/1593/1593
6497710, https://journals.uwyo.edu/index.php/ela/article/download/1541/1541
6497726, https://journals.uwyo.edu/index.php/ela/article/download/1573/1573
6535885, https://journals.uwyo.edu/index.php/ela/article/download/1617/1617
6521658, https://journals.uwyo.edu/index.php/ela/article/download/1597/1597
6521655, https://journals.uwyo.edu/index.php/ela/article/download/1591/1591
6521654, https://journals.uwyo.edu/index.php/ela/article/download/1589/1589
6521649, https://journals.uwyo.edu/index.php/ela/article/download/1579/1579
6497716, https://journals.uwyo.edu/index.php/ela/article/download/1553/1553
6521659, https://journals.uwyo.edu/index.php/ela/article/download/1599/1599
6497701, https://journals.uwyo.edu/index.php/ela/article/download/1523/1523
6535884, https://journals.uwyo.edu/index.php/ela/article/download/1615/1615
7373355, https://journals.uwyo.edu/index.php/ela/article/download/5107/5585
7007311, https://journals.uwyo.edu/index.php/ela/article/download/1939/1939
6497728, https://journals.uwyo.edu/index.php/ela/article/download/1577/1577
5024416, https://journals.uwyo.edu/index.php/ela/article/download/381/381
7351292, https://journals.uwyo.edu/index.php/ela/article/download/5585/5247
5279950, https://journals.uwyo.edu/index.php/ela/article/download/387/387
5279952, https://journals.uwyo.edu/index.php/ela/article/download/391/391
5279948, https://journals.uwyo.edu/index.php/ela/article/download/383/383
6256526, https://journals.uwyo.edu/index.php/ela/article/download/1245/1245
6256558, https://journals.uwyo.edu/index.php/ela/article/download/1309/1309
6256563, https://journals.uwyo.edu/index.php/ela/article/download/1319/1319
5279949, https://journals.uwyo.edu/index.php/ela/article/download/385/385
5279960, https://journals.uwyo.edu/index.php/ela/article/download/407/407
5080650, https://www.jehps.net/Novembre2006/Decaillot3.pdf
5279954, https://journals.uwyo.edu/index.php/ela/article/download/395/395
5279957, https://journals.uwyo.edu/index.php/ela/article/download/401/401
5279955, https://journals.uwyo.edu/index.php/ela/article/download/397/397
5279962, https://journals.uwyo.edu/index.php/ela/article/download/411/411
5279958, https://journals.uwyo.edu/index.php/ela/article/download/403/403
5279951, https://journals.uwyo.edu/index.php/ela/article/download/389/389
7471824, https://journals.uwyo.edu/index.php/ela/article/download/5957/5653
7404606, https://journals.uwyo.edu/index.php/ela/article/download/5471/5633
7471822, https://journals.uwyo.edu/index.php/ela/article/download/4975/5651
7351302, https://journals.uwyo.edu/index.php/ela/article/download/4967/5563
7351294, https://journals.uwyo.edu/index.php/ela/article/download/5699/5251
7351301, https://journals.uwyo.edu/index.php/ela/article/download/5971/5561
7351290, https://journals.uwyo.edu/index.php/ela/article/download/5331/5243
7351300, https://journals.uwyo.edu/index.php/ela/article/download/5691/5271
5279953, https://journals.uwyo.edu/index.php/ela/article/download/393/393
7351299, https://journals.uwyo.edu/index.php/ela/article/download/5141/5261
5024413, https://journals.uwyo.edu/index.php/ela/article/download/375/375
6949376, https://journals.uwyo.edu/index.php/ela/article/download/1903/1903
6949378, https://journals.uwyo.edu/index.php/ela/article/download/1907/1907
7593984, https://journals.uwyo.edu/index.php/ela/article/download/7047/5891
7593987, https://journals.uwyo.edu/index.php/ela/article/download/7019/5897
7473303, https://journals.uwyo.edu/index.php/ela/article/download/6503/5685
6949371, https://journals.uwyo.edu/index.php/ela/article/download/1893/1893
7007303, https://journals.uwyo.edu/index.php/ela/article/download/1923/1923
6949364, https://journals.uwyo.edu/index.php/ela/article/download/1879/1879
6890173, https://journals.uwyo.edu/index.php/ela/article/download/1851/1851
6890169, https://journals.uwyo.edu/index.php/ela/article/download/1843/1843
6890186, https://journals.uwyo.edu/index.php/ela/article/download/1877/1877
5024412, https://journals.uwyo.edu/index.php/ela/article/download/373/373
7007306, https://journals.uwyo.edu/index.php/ela/article/download/1929/1929
5024414, https://journals.uwyo.edu/index.php/ela/article/download/377/377
5024415, https://journals.uwyo.edu/index.php/ela/article/download/379/379
5279956, https://journals.uwyo.edu/index.php/ela/article/download/399/399
5279961, https://journals.uwyo.edu/index.php/ela/article/download/409/409
5279959, https://journals.uwyo.edu/index.php/ela/article/download/405/405
6949372, https://journals.uwyo.edu/index.php/ela/article/download/1895/1895
7471825, https://journals.uwyo.edu/index.php/ela/article/download/5781/5657
7351297, https://journals.uwyo.edu/index.php/ela/article/download/5361/5257
6256548, https://journals.uwyo.edu/index.php/ela/article/download/1289/1289
6256527, https://journals.uwyo.edu/index.php/ela/article/download/1247/1247
6256566, https://journals.uwyo.edu/index.php/ela/article/download/1325/1325
6256553, https://journals.uwyo.edu/index.php/ela/article/download/1299/1299
6256552, https://journals.uwyo.edu/index.php/ela/article/download/1297/1297
7351295, https://journals.uwyo.edu/index.php/ela/article/download/5705/5253
7351291, https://journals.uwyo.edu/index.php/ela/article/download/5017/5245
7351288, https://journals.uwyo.edu/index.php/ela/article/download/5389/5239
7351286, https://journals.uwyo.edu/index.php/ela/article/download/5641/5235
7351284, https://journals.uwyo.edu/index.php/ela/article/download/5333/5219
7351303, https://journals.uwyo.edu/index.php/ela/article/download/5005/5567
7351304, https://journals.uwyo.edu/index.php/ela/article/download/5049/5569
7351298, https://journals.uwyo.edu/index.php/ela/article/download/5083/5259
6256514, https://journals.uwyo.edu/index.php/ela/article/download/1221/1221
7373354, https://journals.uwyo.edu/index.php/ela/article/download/5601/5583
7351293, https://journals.uwyo.edu/index.php/ela/article/download/5849/5249
7471831, https://journals.uwyo.edu/index.php/ela/article/download/4933/5683
7471826, https://journals.uwyo.edu/index.php/ela/article/download/5033/5665
7404608, https://journals.uwyo.edu/index.php/ela/article/download/5611/5639
7373357, https://journals.uwyo.edu/index.php/ela/article/download/5935/5621
7404610, https://journals.uwyo.edu/index.php/ela/article/download/5067/5645
7471827, https://journals.uwyo.edu/index.php/ela/article/download/6647/5667
7404612, https://journals.uwyo.edu/index.php/ela/article/download/6513/5647
7471823, https://journals.uwyo.edu/index.php/ela/article/download/6411/5655
7351287, https://journals.uwyo.edu/index.php/ela/article/download/5473/5237
7373356, https://journals.uwyo.edu/index.php/ela/article/download/5029/5591
6256508, https://journals.uwyo.edu/index.php/ela/article/download/1209/1209
6256544, https://journals.uwyo.edu/index.php/ela/article/download/1219/1219
6256546, https://journals.uwyo.edu/index.php/ela/article/download/1285/1285
6256545, https://journals.uwyo.edu/index.php/ela/article/download/1283/1283
6256549, https://journals.uwyo.edu/index.php/ela/article/download/1291/1291
6256538, https://journals.uwyo.edu/index.php/ela/article/download/1269/1269
6256539, https://journals.uwyo.edu/index.php/ela/article/download/1271/1271
6256513, https://journals.uwyo.edu/index.php/ela/article/download/1219/1219
6256517, https://journals.uwyo.edu/index.php/ela/article/download/1227/1227
6256518, https://journals.uwyo.edu/index.php/ela/article/download/1229/1229
6256515, https://journals.uwyo.edu/index.php/ela/article/download/1223/1223
6256520, https://journals.uwyo.edu/index.php/ela/article/download/1233/1233
6256519, https://journals.uwyo.edu/index.php/ela/article/download/1231/1231
6256523, https://journals.uwyo.edu/index.php/ela/article/download/1239/1239
6256512, https://journals.uwyo.edu/index.php/ela/article/download/1217/1217
6256524, https://journals.uwyo.edu/index.php/ela/article/download/1241/1241
6256530, https://journals.uwyo.edu/index.php/ela/article/download/1253/1253
6256537, https://journals.uwyo.edu/index.php/ela/article/download/1267/1267
6256542, https://journals.uwyo.edu/index.php/ela/article/download/1277/1277
6256541, https://journals.uwyo.edu/index.php/ela/article/download/1275/1275
6256550, https://journals.uwyo.edu/index.php/ela/article/download/1293/1293
6256554, https://journals.uwyo.edu/index.php/ela/article/download/1301/1301
6256555, https://journals.uwyo.edu/index.php/ela/article/download/1303/1303
6256556, https://journals.uwyo.edu/index.php/ela/article/download/1305/1305
6256557, https://journals.uwyo.edu/index.php/ela/article/download/1307/1307
6256561, https://journals.uwyo.edu/index.php/ela/article/download/1315/1315
6256511, https://journals.uwyo.edu/index.php/ela/article/download/1215/1215
6256528, https://journals.uwyo.edu/index.php/ela/article/download/1249/1249
6101015, https://journals.uwyo.edu/index.php/ela/article/download/1105/1105
6812653, https://journals.uwyo.edu/index.php/ela/article/download/1783/1783
6100994, https://journals.uwyo.edu/index.php/ela/article/download/1063/1063
6291287, https://journals.uwyo.edu/index.php/ela/article/download/1357/1357
6291277, https://journals.uwyo.edu/index.php/ela/article/download/1337/1337
6291291, https://journals.uwyo.edu/index.php/ela/article/download/1365/1365
6291278, https://journals.uwyo.edu/index.php/ela/article/download/1339/1339
5850060, https://journals.uwyo.edu/index.php/ela/article/download/839/839
6291286, https://journals.uwyo.edu/index.php/ela/article/download/1355/1355
6291289, https://journals.uwyo.edu/index.php/ela/article/download/1361/1361
6472474, https://journals.uwyo.edu/index.php/ela/article/download/1411/1411
6472480, https://journals.uwyo.edu/index.php/ela/article/download/1423/1423
6291279, https://journals.uwyo.edu/index.php/ela/article/download/1341/1341
6472482, https://journals.uwyo.edu/index.php/ela/article/download/1427/1427
6472491, https://journals.uwyo.edu/index.php/ela/article/download/1445/1445
6472465, https://journals.uwyo.edu/index.php/ela/article/download/1393/1393
6291281, https://journals.uwyo.edu/index.php/ela/article/download/1345/1345
6291276, https://journals.uwyo.edu/index.php/ela/article/download/1335/1335
6291288, https://journals.uwyo.edu/index.php/ela/article/download/1359/1359
6291284, https://journals.uwyo.edu/index.php/ela/article/download/1351/1351
6472467, https://journals.uwyo.edu/index.php/ela/article/download/1397/1397
6472488, https://journals.uwyo.edu/index.php/ela/article/download/1439/1439
6472471, https://journals.uwyo.edu/index.php/ela/article/download/1405/1405
6291275, https://journals.uwyo.edu/index.php/ela/article/download/1333/1333
6472486, https://journals.uwyo.edu/index.php/ela/article/download/1435/1435
6291282, https://journals.uwyo.edu/index.php/ela/article/download/1347/1347
6291273, https://journals.uwyo.edu/index.php/ela/article/download/1329/1329
6291290, https://journals.uwyo.edu/index.php/ela/article/download/1363/1363
6472478, https://journals.uwyo.edu/index.php/ela/article/download/1419/1419
5850055, https://journals.uwyo.edu/index.php/ela/article/download/829/829
6472484, https://journals.uwyo.edu/index.php/ela/article/download/1431/1431
5850056, https://journals.uwyo.edu/index.php/ela/article/download/831/831
5346334, https://journals.uwyo.edu/index.php/ela/article/download/549/549
5318958, https://journals.uwyo.edu/index.php/ela/article/download/545/545
5313883, https://journals.uwyo.edu/index.php/ela/article/download/539/539
5307118, https://journals.uwyo.edu/index.php/ela/article/download/527/527
5280011, https://journals.uwyo.edu/index.php/ela/article/download/509/509
5280003, https://journals.uwyo.edu/index.php/ela/article/download/493/493
5280016, https://journals.uwyo.edu/index.php/ela/article/download/519/519
5280013, https://journals.uwyo.edu/index.php/ela/article/download/513/513
5346333, https://journals.uwyo.edu/index.php/ela/article/download/547/547
5280002, https://journals.uwyo.edu/index.php/ela/article/download/491/491
5280014, https://journals.uwyo.edu/index.php/ela/article/download/515/515
5280018, https://journals.uwyo.edu/index.php/ela/article/download/523/523
5850054, https://journals.uwyo.edu/index.php/ela/article/download/827/827
5280005, https://journals.uwyo.edu/index.php/ela/article/download/497/497
5850061, https://journals.uwyo.edu/index.php/ela/article/download/841/841
5850062, https://journals.uwyo.edu/index.php/ela/article/download/843/843
5850051, https://journals.uwyo.edu/index.php/ela/article/download/821/821
5850058, https://journals.uwyo.edu/index.php/ela/article/download/835/835
5850053, https://journals.uwyo.edu/index.php/ela/article/download/825/825
5850052, https://journals.uwyo.edu/index.php/ela/article/download/823/823
5850057, https://journals.uwyo.edu/index.php/ela/article/download/833/833
5307120, https://journals.uwyo.edu/index.php/ela/article/download/531/531
5850050, https://journals.uwyo.edu/index.php/ela/article/download/819/819
5280012, https://journals.uwyo.edu/index.php/ela/article/download/511/511
5280009, https://journals.uwyo.edu/index.php/ela/article/download/505/505
5280010, https://journals.uwyo.edu/index.php/ela/article/download/507/507
5307121, https://journals.uwyo.edu/index.php/ela/article/download/533/533
5313885, https://journals.uwyo.edu/index.php/ela/article/download/543/543
5307123, https://journals.uwyo.edu/index.php/ela/article/download/537/537
5280001, https://journals.uwyo.edu/index.php/ela/article/download/489/489
5280015, https://journals.uwyo.edu/index.php/ela/article/download/517/517
5313884, https://journals.uwyo.edu/index.php/ela/article/download/541/541
6291285, https://journals.uwyo.edu/index.php/ela/article/download/1353/1353
6472454, https://journals.uwyo.edu/index.php/ela/article/download/1371/1371
6472466, https://journals.uwyo.edu/index.php/ela/article/download/1395/1395
6593337, https://journals.uwyo.edu/index.php/ela/article/download/1665/1665
6616508, https://journals.uwyo.edu/index.php/ela/article/download/1689/1689
6593339, https://journals.uwyo.edu/index.php/ela/article/download/1669/1669
6636940, https://journals.uwyo.edu/index.php/ela/article/download/1697/1697
6616504, https://journals.uwyo.edu/index.php/ela/article/download/1681/1681
6616509, https://journals.uwyo.edu/index.php/ela/article/download/1691/1691
6636943, https://journals.uwyo.edu/index.php/ela/article/download/1703/1703
6593322, https://journals.uwyo.edu/index.php/ela/article/download/1635/1635
6553476, https://journals.uwyo.edu/index.php/ela/article/download/1629/1629
6553473, https://journals.uwyo.edu/index.php/ela/article/download/1623/1623
6593325, https://journals.uwyo.edu/index.php/ela/article/download/1641/1641
6593331, https://journals.uwyo.edu/index.php/ela/article/download/1653/1653
6593327, https://journals.uwyo.edu/index.php/ela/article/download/1645/1645
6616510, https://journals.uwyo.edu/index.php/ela/article/download/1693/1693
6593336, https://journals.uwyo.edu/index.php/ela/article/download/1663/1663
6616502, https://journals.uwyo.edu/index.php/ela/article/download/1677/1677
6616505, https://journals.uwyo.edu/index.php/ela/article/download/1683/1683
6593340, https://journals.uwyo.edu/index.php/ela/article/download/1671/1671
6655731, https://journals.uwyo.edu/index.php/ela/article/download/1715/1715
6593328, https://journals.uwyo.edu/index.php/ela/article/download/1647/1647
6655728, https://journals.uwyo.edu/index.php/ela/article/download/1709/1709
6553477, https://journals.uwyo.edu/index.php/ela/article/download/1631/1631
6593338, https://journals.uwyo.edu/index.php/ela/article/download/1667/1667
6553474, https://journals.uwyo.edu/index.php/ela/article/download/1625/1625
6636944, https://journals.uwyo.edu/index.php/ela/article/download/1705/1705
6593326, https://journals.uwyo.edu/index.php/ela/article/download/1643/1643
6676267, https://journals.uwyo.edu/index.php/ela/article/download/1727/1727
6593332, https://journals.uwyo.edu/index.php/ela/article/download/1655/1655
6553475, https://journals.uwyo.edu/index.php/ela/article/download/1627/1627
6593335, https://journals.uwyo.edu/index.php/ela/article/download/1661/1661
6676268, https://journals.uwyo.edu/index.php/ela/article/download/1729/1729
6636941, https://journals.uwyo.edu/index.php/ela/article/download/1699/1699
6616507, https://journals.uwyo.edu/index.php/ela/article/download/1687/1687
6593329, https://journals.uwyo.edu/index.php/ela/article/download/1649/1649
6593341, https://journals.uwyo.edu/index.php/ela/article/download/1673/1673
6636945, https://journals.uwyo.edu/index.php/ela/article/download/1707/1707
6670007, https://journals.uwyo.edu/index.php/ela/article/download/1719/1719
6593342, https://journals.uwyo.edu/index.php/ela/article/download/1675/1675
6553472, https://journals.uwyo.edu/index.php/ela/article/download/1621/1621
6593324, https://journals.uwyo.edu/index.php/ela/article/download/1639/1639
6670008, https://journals.uwyo.edu/index.php/ela/article/download/1721/1721
6655729, https://journals.uwyo.edu/index.php/ela/article/download/1711/1711
6655730, https://journals.uwyo.edu/index.php/ela/article/download/1713/1713
6655732, https://journals.uwyo.edu/index.php/ela/article/download/1717/1717
6472477, https://journals.uwyo.edu/index.php/ela/article/download/1417/1417
6472458, https://journals.uwyo.edu/index.php/ela/article/download/1379/1379
6472485, https://journals.uwyo.edu/index.php/ela/article/download/1433/1433
6472479, https://journals.uwyo.edu/index.php/ela/article/download/1421/1421
6472473, https://journals.uwyo.edu/index.php/ela/article/download/1409/1409
6472460, https://journals.uwyo.edu/index.php/ela/article/download/1383/1383
6472489, https://journals.uwyo.edu/index.php/ela/article/download/1441/1441
6291292, https://journals.uwyo.edu/index.php/ela/article/download/1367/1367
6472481, https://journals.uwyo.edu/index.php/ela/article/download/1425/1425
6291283, https://journals.uwyo.edu/index.php/ela/article/download/1349/1349
6472464, https://journals.uwyo.edu/index.php/ela/article/download/1391/1391
6472490, https://journals.uwyo.edu/index.php/ela/article/download/1443/1443
6472487, https://journals.uwyo.edu/index.php/ela/article/download/1437/1437
6472456, https://journals.uwyo.edu/index.php/ela/article/download/1375/1375
6472455, https://journals.uwyo.edu/index.php/ela/article/download/1373/1373
6472459, https://journals.uwyo.edu/index.php/ela/article/download/1381/1381
6472472, https://journals.uwyo.edu/index.php/ela/article/download/1407/1407
6291280, https://journals.uwyo.edu/index.php/ela/article/download/1343/1343
6291272, https://journals.uwyo.edu/index.php/ela/article/download/1327/1327
6472453, https://journals.uwyo.edu/index.php/ela/article/download/1369/1369
6472457, https://journals.uwyo.edu/index.php/ela/article/download/1377/1377
6472462, https://journals.uwyo.edu/index.php/ela/article/download/1387/1387
6670010, https://journals.uwyo.edu/index.php/ela/article/download/1725/1725
6676269, https://journals.uwyo.edu/index.php/ela/article/download/1731/1731
6670009, https://journals.uwyo.edu/index.php/ela/article/download/1723/1723
6593323, https://journals.uwyo.edu/index.php/ela/article/download/1637/1637
6616511, https://journals.uwyo.edu/index.php/ela/article/download/1695/1695
6593334, https://journals.uwyo.edu/index.php/ela/article/download/1659/1659
6616503, https://journals.uwyo.edu/index.php/ela/article/download/1679/1679
6636942, https://journals.uwyo.edu/index.php/ela/article/download/1701/1701
6593330, https://journals.uwyo.edu/index.php/ela/article/download/1651/1651
6616506, https://journals.uwyo.edu/index.php/ela/article/download/1685/1685
6472470, https://journals.uwyo.edu/index.php/ela/article/download/1403/1403
6472461, https://journals.uwyo.edu/index.php/ela/article/download/1385/1385
6291274, https://journals.uwyo.edu/index.php/ela/article/download/1331/1331
6472483, https://journals.uwyo.edu/index.php/ela/article/download/1429/1429
6472463, https://journals.uwyo.edu/index.php/ela/article/download/1389/1389
6472492, https://journals.uwyo.edu/index.php/ela/article/download/1447/1447
1140003, https://www.emis.de/journals/BJGA/v02n1/B02-1-POMOL.pdf
1858843, https://www.emis.de/journals/BJGA/v07n2/B71PERO.pdf
1858840, https://www.emis.de/journals/BJGA/v07n2/B07-2-GART.pdf
6472475, https://journals.uwyo.edu/index.php/ela/article/download/1413/1413
6472469, https://journals.uwyo.edu/index.php/ela/article/download/1401/1401
5307122, https://journals.uwyo.edu/index.php/ela/article/download/535/535
6472468, https://journals.uwyo.edu/index.php/ela/article/download/1399/1399
5280007, https://journals.uwyo.edu/index.php/ela/article/download/501/501
6593333, https://journals.uwyo.edu/index.php/ela/article/download/1657/1657
5280004, https://journals.uwyo.edu/index.php/ela/article/download/495/495
5279990, https://journals.uwyo.edu/index.php/ela/article/download/467/467
5279999, https://journals.uwyo.edu/index.php/ela/article/download/485/485
5279981, https://journals.uwyo.edu/index.php/ela/article/download/449/449
5279985, https://journals.uwyo.edu/index.php/ela/article/download/457/457
5279970, https://journals.uwyo.edu/index.php/ela/article/download/427/427
5279980, https://journals.uwyo.edu/index.php/ela/article/download/447/447
5279991, https://journals.uwyo.edu/index.php/ela/article/download/469/469
5279988, https://journals.uwyo.edu/index.php/ela/article/download/463/463
5279969, https://journals.uwyo.edu/index.php/ela/article/download/425/425
1924311, https://journals.uwyo.edu/index.php/ela/article/download/171/171
5279972, https://journals.uwyo.edu/index.php/ela/article/download/431/431
5279973, https://journals.uwyo.edu/index.php/ela/article/download/433/433
5279982, https://journals.uwyo.edu/index.php/ela/article/download/451/451
5279992, https://journals.uwyo.edu/index.php/ela/article/download/471/471
5279984, https://journals.uwyo.edu/index.php/ela/article/download/455/455
5279986, https://journals.uwyo.edu/index.php/ela/article/download/459/459
5081384, https://www.emis.de/journals/BJGA/v11n1/B11-1-TA_.pdf
6419807, https://www.emis.de/journals/BJGA/v19n2/B19-2-ch-719.pdf
5279964, https://journals.uwyo.edu/index.php/ela/article/download/415/415
5279997, https://journals.uwyo.edu/index.php/ela/article/download/481/481
5279998, https://journals.uwyo.edu/index.php/ela/article/download/483/483
5279989, https://journals.uwyo.edu/index.php/ela/article/download/465/465
5279987, https://journals.uwyo.edu/index.php/ela/article/download/461/461
5279977, https://journals.uwyo.edu/index.php/ela/article/download/441/441
5279974, https://journals.uwyo.edu/index.php/ela/article/download/435/435
5279975, https://journals.uwyo.edu/index.php/ela/article/download/437/437
5279965, https://journals.uwyo.edu/index.php/ela/article/download/417/417
5279963, https://journals.uwyo.edu/index.php/ela/article/download/413/413
5279976, https://journals.uwyo.edu/index.php/ela/article/download/439/439
5279966, https://journals.uwyo.edu/index.php/ela/article/download/419/419
5279983, https://journals.uwyo.edu/index.php/ela/article/download/453/453
5279994, https://journals.uwyo.edu/index.php/ela/article/download/475/475
5279971, https://journals.uwyo.edu/index.php/ela/article/download/429/429
5279995, https://journals.uwyo.edu/index.php/ela/article/download/477/477
5279996, https://journals.uwyo.edu/index.php/ela/article/download/479/479
1498631, https://journals.uwyo.edu/index.php/ela/article/download/97/97
1498630, https://journals.uwyo.edu/index.php/ela/article/download/93/93
1413871, https://journals.uwyo.edu/index.php/ela/article/download/75/75
1247864, https://journals.uwyo.edu/index.php/ela/article/download/53/53
1498632, https://journals.uwyo.edu/index.php/ela/article/download/95/95
1506180, https://journals.uwyo.edu/index.php/ela/article/download/101/101
1506179, https://journals.uwyo.edu/index.php/ela/article/download/99/99
1413869, https://journals.uwyo.edu/index.php/ela/article/download/85/85
5279993, https://journals.uwyo.edu/index.php/ela/article/download/473/473
5279979, https://journals.uwyo.edu/index.php/ela/article/download/445/445
5280000, https://journals.uwyo.edu/index.php/ela/article/download/487/487
1924317, https://journals.uwyo.edu/index.php/ela/article/download/187/187
1924314, https://journals.uwyo.edu/index.php/ela/article/download/185/185
1924320, https://journals.uwyo.edu/index.php/ela/article/download/195/195
1924315, https://journals.uwyo.edu/index.php/ela/article/download/191/191
1924316, https://journals.uwyo.edu/index.php/ela/article/download/201/201
7166404, https://journals.uwyo.edu/index.php/ela/article/download/5179/4945
7166403, https://journals.uwyo.edu/index.php/ela/article/download/5165/4931
7099254, https://journals.uwyo.edu/index.php/ela/article/download/1965/1965
7099260, https://journals.uwyo.edu/index.php/ela/article/download/1977/1977
7099256, https://journals.uwyo.edu/index.php/ela/article/download/1969/1969
1924319, https://journals.uwyo.edu/index.php/ela/article/download/197/197
1924322, https://journals.uwyo.edu/index.php/ela/article/download/199/199
5280006, https://journals.uwyo.edu/index.php/ela/article/download/499/499
5280008, https://journals.uwyo.edu/index.php/ela/article/download/503/503
5280017, https://journals.uwyo.edu/index.php/ela/article/download/521/521
5346335, https://journals.uwyo.edu/index.php/ela/article/download/551/551
1924321, https://journals.uwyo.edu/index.php/ela/article/download/193/193
1924318, https://journals.uwyo.edu/index.php/ela/article/download/203/203
6101002, https://journals.uwyo.edu/index.php/ela/article/download/1079/1079
1924323, https://journals.uwyo.edu/index.php/ela/article/download/189/189
5307119, https://journals.uwyo.edu/index.php/ela/article/download/529/529
7056847, https://journals.uwyo.edu/index.php/ela/article/download/1947/1947
7351283, https://journals.uwyo.edu/index.php/ela/article/download/5241/4967
7099259, https://journals.uwyo.edu/index.php/ela/article/download/1975/1975
7099261, https://journals.uwyo.edu/index.php/ela/article/download/1979/1979
7099262, https://journals.uwyo.edu/index.php/ela/article/download/1981/1981
7166386, https://journals.uwyo.edu/index.php/ela/article/download/1989/1989
7056849, https://journals.uwyo.edu/index.php/ela/article/download/1951/1951
7056848, https://journals.uwyo.edu/index.php/ela/article/download/1949/1949
7056853, https://journals.uwyo.edu/index.php/ela/article/download/1959/1959
7056846, https://journals.uwyo.edu/index.php/ela/article/download/1945/1945
7056851, https://journals.uwyo.edu/index.php/ela/article/download/1955/1955
7099263, https://journals.uwyo.edu/index.php/ela/article/download/1983/1983
7166400, https://journals.uwyo.edu/index.php/ela/article/download/5167/4933
7166385, https://journals.uwyo.edu/index.php/ela/article/download/1987/1987
7099264, https://journals.uwyo.edu/index.php/ela/article/download/1985/1985
7099255, https://journals.uwyo.edu/index.php/ela/article/download/1967/1967
7351282, https://journals.uwyo.edu/index.php/ela/article/download/5239/4965
7166387, https://journals.uwyo.edu/index.php/ela/article/download/1991/1991
5279967, https://journals.uwyo.edu/index.php/ela/article/download/421/421
5279968, https://journals.uwyo.edu/index.php/ela/article/download/423/423
5279978, https://journals.uwyo.edu/index.php/ela/article/download/443/443
7099257, https://journals.uwyo.edu/index.php/ela/article/download/1971/1971
7099258, https://journals.uwyo.edu/index.php/ela/article/download/1973/1973
7166391, https://journals.uwyo.edu/index.php/ela/article/download/1999/1999
7166392, https://journals.uwyo.edu/index.php/ela/article/download/2001/2001
7166389, https://journals.uwyo.edu/index.php/ela/article/download/1995/1995
7099253, https://journals.uwyo.edu/index.php/ela/article/download/1963/1963
7056850, https://journals.uwyo.edu/index.php/ela/article/download/1953/1953
7056845, https://journals.uwyo.edu/index.php/ela/article/download/1943/1943
7166402, https://journals.uwyo.edu/index.php/ela/article/download/5175/4941
7166388, https://journals.uwyo.edu/index.php/ela/article/download/1993/1993
7166406, https://journals.uwyo.edu/index.php/ela/article/download/5143/4947
7166395, https://journals.uwyo.edu/index.php/ela/article/download/5171/4937
7166405, https://journals.uwyo.edu/index.php/ela/article/download/4937/4927
7099252, https://journals.uwyo.edu/index.php/ela/article/download/1961/1961
7166398, https://journals.uwyo.edu/index.php/ela/article/download/5177/4943
7166390, https://journals.uwyo.edu/index.php/ela/article/download/1997/1997
7166399, https://journals.uwyo.edu/index.php/ela/article/download/5173/4939
7166401, https://journals.uwyo.edu/index.php/ela/article/download/5161/4925
7166394, https://journals.uwyo.edu/index.php/ela/article/download/2005/2005
7056852, https://journals.uwyo.edu/index.php/ela/article/download/1957/1957
7166393, https://journals.uwyo.edu/index.php/ela/article/download/2003/2003
7166396, https://journals.uwyo.edu/index.php/ela/article/download/5169/4935
6540958, https://www.combinatorics.org/ojs/index.php/eljc/article/download/v23i1p20/pdf
7166397, https://journals.uwyo.edu/index.php/ela/article/download/5163/4929
5280019, https://journals.uwyo.edu/index.php/ela/article/download/525/525
6553478, https://journals.uwyo.edu/index.php/ela/article/download/1633/1633
6472476, https://journals.uwyo.edu/index.php/ela/article/download/1415/1415
6256573, https://journals.uwyo.edu/index.php/ela/article/download/1139/1139
6101017, https://journals.uwyo.edu/index.php/ela/article/download/1109/1109
6101020, https://journals.uwyo.edu/index.php/ela/article/download/1115/1115
7253724, https://journals.uwyo.edu/index.php/ela/article/download/4999/5171
7253722, https://journals.uwyo.edu/index.php/ela/article/download/5111/5161
7253720, https://journals.uwyo.edu/index.php/ela/article/download/4945/5137
7253717, https://journals.uwyo.edu/index.php/ela/article/download/5321/5129
7253718, https://journals.uwyo.edu/index.php/ela/article/download/4929/5131
7253716, https://journals.uwyo.edu/index.php/ela/article/download/5323/5117
7253712, https://journals.uwyo.edu/index.php/ela/article/download/5203/5081
6256571, https://journals.uwyo.edu/index.php/ela/article/download/1135/1135
7196251, https://journals.uwyo.edu/index.php/ela/article/download/4949/5033
6256572, https://journals.uwyo.edu/index.php/ela/article/download/1137/1137
6256576, https://journals.uwyo.edu/index.php/ela/article/download/1145/1145
6256568, https://journals.uwyo.edu/index.php/ela/article/download/1129/1129
6101019, https://journals.uwyo.edu/index.php/ela/article/download/1113/1113
6101011, https://journals.uwyo.edu/index.php/ela/article/download/1097/1097
6101009, https://journals.uwyo.edu/index.php/ela/article/download/1093/1093
6101004, https://journals.uwyo.edu/index.php/ela/article/download/1083/1083
6100983, https://journals.uwyo.edu/index.php/ela/article/download/1041/1041
6100975, https://journals.uwyo.edu/index.php/ela/article/download/1025/1025
6101049, https://journals.uwyo.edu/index.php/ela/article/download/1001/1001
6101050, https://journals.uwyo.edu/index.php/ela/article/download/1003/1003
6101018, https://journals.uwyo.edu/index.php/ela/article/download/1111/1111
6256570, https://journals.uwyo.edu/index.php/ela/article/download/1133/1133
6101026, https://journals.uwyo.edu/index.php/ela/article/download/1127/1127
6100973, https://journals.uwyo.edu/index.php/ela/article/download/1021/1021
6100979, https://journals.uwyo.edu/index.php/ela/article/download/1033/1033
6101007, https://journals.uwyo.edu/index.php/ela/article/download/1089/1089
6256569, https://journals.uwyo.edu/index.php/ela/article/download/1131/1131
6497680, https://journals.uwyo.edu/index.php/ela/article/download/1467/1467
6473081, https://journals.uwyo.edu/index.php/ela/article/download/1461/1461
6473077, https://journals.uwyo.edu/index.php/ela/article/download/1453/1453
6473076, https://journals.uwyo.edu/index.php/ela/article/download/1451/1451
6473083, https://journals.uwyo.edu/index.php/ela/article/download/1465/1465
6473078, https://journals.uwyo.edu/index.php/ela/article/download/1455/1455
6473080, https://journals.uwyo.edu/index.php/ela/article/download/1459/1459
6473082, https://journals.uwyo.edu/index.php/ela/article/download/1463/1463
6473079, https://journals.uwyo.edu/index.php/ela/article/download/1457/1457
6521648, https://journals.uwyo.edu/index.php/ela/article/download/1489/1489
6473075, https://journals.uwyo.edu/index.php/ela/article/download/1449/1449
6497681, https://journals.uwyo.edu/index.php/ela/article/download/1469/1469
6497689, https://journals.uwyo.edu/index.php/ela/article/download/1485/1485
6497685, https://journals.uwyo.edu/index.php/ela/article/download/1477/1477
6497687, https://journals.uwyo.edu/index.php/ela/article/download/1481/1481
6497686, https://journals.uwyo.edu/index.php/ela/article/download/1479/1479
6497683, https://journals.uwyo.edu/index.php/ela/article/download/1473/1473
6497688, https://journals.uwyo.edu/index.php/ela/article/download/1483/1483
6497684, https://journals.uwyo.edu/index.php/ela/article/download/1475/1475
6497682, https://journals.uwyo.edu/index.php/ela/article/download/1471/1471
6521647, https://journals.uwyo.edu/index.php/ela/article/download/1487/1487
7224095, https://journals.uwyo.edu/index.php/ela/article/download/4985/5057
6100986, https://journals.uwyo.edu/index.php/ela/article/download/1047/1047
7196242, https://journals.uwyo.edu/index.php/ela/article/download/5045/4959
7351223, https://journals.uwyo.edu/index.php/ela/article/download/5151/5191
7224099, https://journals.uwyo.edu/index.php/ela/article/download/5039/5065
7224102, https://journals.uwyo.edu/index.php/ela/article/download/5335/5071
7196248, https://journals.uwyo.edu/index.php/ela/article/download/5043/5021
7196247, https://journals.uwyo.edu/index.php/ela/article/download/5091/5019
7196246, https://journals.uwyo.edu/index.php/ela/article/download/5015/5017
7196244, https://journals.uwyo.edu/index.php/ela/article/download/5149/4977
7196243, https://journals.uwyo.edu/index.php/ela/article/download/4927/4963
7283489, https://journals.uwyo.edu/index.php/ela/article/download/4981/5181
7283488, https://journals.uwyo.edu/index.php/ela/article/download/5551/5179
7283493, https://journals.uwyo.edu/index.php/ela/article/download/5553/5189
7283490, https://journals.uwyo.edu/index.php/ela/article/download/5461/5183
7175524, https://journals.uwyo.edu/index.php/ela/article/download/4955/4949
7175527, https://journals.uwyo.edu/index.php/ela/article/download/5041/4955
7351224, https://journals.uwyo.edu/index.php/ela/article/download/5183/5195
7224104, https://journals.uwyo.edu/index.php/ela/article/download/5215/5075
7224091, https://journals.uwyo.edu/index.php/ela/article/download/5197/5049
7224096, https://journals.uwyo.edu/index.php/ela/article/download/5127/5059
7196249, https://journals.uwyo.edu/index.php/ela/article/download/5073/5023
7196252, https://journals.uwyo.edu/index.php/ela/article/download/5055/5035
7196250, https://journals.uwyo.edu/index.php/ela/article/download/5009/5027
7224092, https://journals.uwyo.edu/index.php/ela/article/download/5153/5051
7283486, https://journals.uwyo.edu/index.php/ela/article/download/5373/5175
7253723, https://journals.uwyo.edu/index.php/ela/article/download/5061/5169
7196255, https://journals.uwyo.edu/index.php/ela/article/download/5097/5043
7253725, https://journals.uwyo.edu/index.php/ela/article/download/5433/5173
7175526, https://journals.uwyo.edu/index.php/ela/article/download/5065/4953
7351225, https://journals.uwyo.edu/index.php/ela/article/download/5329/5209
7196245, https://journals.uwyo.edu/index.php/ela/article/download/5123/4979
7224089, https://journals.uwyo.edu/index.php/ela/article/download/5137/5045
7253711, https://journals.uwyo.edu/index.php/ela/article/download/4951/5079
7253719, https://journals.uwyo.edu/index.php/ela/article/download/4979/5135
7283487, https://journals.uwyo.edu/index.php/ela/article/download/5319/5177
7253721, https://journals.uwyo.edu/index.php/ela/article/download/5011/5159
7224094, https://journals.uwyo.edu/index.php/ela/article/download/5025/5055
7224097, https://journals.uwyo.edu/index.php/ela/article/download/4941/5061
7224100, https://journals.uwyo.edu/index.php/ela/article/download/5217/5067
7283492, https://journals.uwyo.edu/index.php/ela/article/download/5243/5187
7224101, https://journals.uwyo.edu/index.php/ela/article/download/5077/5069
7224105, https://journals.uwyo.edu/index.php/ela/article/download/5225/5077
7224103, https://journals.uwyo.edu/index.php/ela/article/download/5121/5073
7253715, https://journals.uwyo.edu/index.php/ela/article/download/5449/5087
7196254, https://journals.uwyo.edu/index.php/ela/article/download/4957/5041
7196253, https://journals.uwyo.edu/index.php/ela/article/download/5057/5039
7224093, https://journals.uwyo.edu/index.php/ela/article/download/5093/5053
7283491, https://journals.uwyo.edu/index.php/ela/article/download/4963/5185
7224090, https://journals.uwyo.edu/index.php/ela/article/download/5085/5047
6256575, https://journals.uwyo.edu/index.php/ela/article/download/1143/1143
7224098, https://journals.uwyo.edu/index.php/ela/article/download/5053/5063
6100990, https://journals.uwyo.edu/index.php/ela/article/download/1055/1055
7175528, https://journals.uwyo.edu/index.php/ela/article/download/4965/4957
7253714, https://journals.uwyo.edu/index.php/ela/article/download/4969/5085
7253713, https://journals.uwyo.edu/index.php/ela/article/download/4935/5083
7175525, https://journals.uwyo.edu/index.php/ela/article/download/5071/4951
7351226, https://journals.uwyo.edu/index.php/ela/article/download/5109/5215
6101023, https://journals.uwyo.edu/index.php/ela/article/download/1121/1121
6101003, https://journals.uwyo.edu/index.php/ela/article/download/1081/1081
6100988, https://journals.uwyo.edu/index.php/ela/article/download/1051/1051
6100985, https://journals.uwyo.edu/index.php/ela/article/download/1045/1045
6100987, https://journals.uwyo.edu/index.php/ela/article/download/1049/1049
7351227, https://journals.uwyo.edu/index.php/ela/article/download/4993/5217
6101010, https://journals.uwyo.edu/index.php/ela/article/download/1095/1095
6100996, https://journals.uwyo.edu/index.php/ela/article/download/1067/1067
6101022, https://journals.uwyo.edu/index.php/ela/article/download/1119/1119
6100967, https://journals.uwyo.edu/index.php/ela/article/download/1009/1009